{
  "schema": 1,
  "agents": {
    "PID": {
      "metrics": {
        "episodes": 20.0,
        "success_rate": 1.0,
        "collision_rate": 0.0,
        "offroad_rate": 0.0,
        "mean_return": 401.6054968658298,
        "std_return": 0.07001471918056246,
        "mean_route_completion": 0.9920000000000002,
        "mean_episode_length": 148.0,
        "mean_speed_kmh": 30.17140055553785,
        "mean_abs_lateral_error_m": 0.06622613274352798,
        "mean_abs_jerk": 0.04498216544804013
      },
      "returns": [
        401.5658719973112,
        401.51631422589656,
        401.55253983282216,
        401.56623448214015,
        401.65000428346855,
        401.6325729405517,
        401.57691088068077,
        401.62803771509175,
        401.6819778069715,
        401.6296333728567,
        401.7084278549687,
        401.62130707341186,
        401.5961225109387,
        401.481429265451,
        401.67933388077734,
        401.7183042663352,
        401.7000957671852,
        401.5821921481938,
        401.54265436128304,
        401.4799726502606
      ],
      "meta": {
        "env": "fallback",
        "observation": "state",
        "episodes": 20
      }
    },
    "STANLEY": {
      "metrics": {
        "episodes": 20.0,
        "success_rate": 1.0,
        "collision_rate": 0.0,
        "offroad_rate": 0.0,
        "mean_return": 401.57033629772354,
        "std_return": 0.06500448004681603,
        "mean_route_completion": 0.9920000000000002,
        "mean_episode_length": 148.0,
        "mean_speed_kmh": 30.17140055553785,
        "mean_abs_lateral_error_m": 0.07097802138126016,
        "mean_abs_jerk": 0.03167609092601642
      },
      "returns": [
        401.5566323091629,
        401.49209134754983,
        401.5425174174215,
        401.5257745327988,
        401.6148536213612,
        401.5735322167975,
        401.5277847069877,
        401.6063753341229,
        401.6520320823796,
        401.5566137089408,
        401.6541158348821,
        401.602147651615,
        401.5321230546681,
        401.4475114178848,
        401.62023539005116,
        401.6586499197233,
        401.7036552968025,
        401.5403547537066,
        401.49817930428543,
        401.50154605333034
      ],
      "meta": {
        "env": "fallback",
        "observation": "state",
        "episodes": 20
      }
    },
    "PPO": {
      "metrics": {
        "episodes": 20.0,
        "success_rate": 0.95,
        "collision_rate": 0.05,
        "offroad_rate": 0.0,
        "mean_return": 343.66080799523,
        "std_return": 27.593076708677373,
        "mean_route_completion": 0.9828000000000001,
        "mean_episode_length": 124.85,
        "mean_speed_kmh": 35.48350407047528,
        "mean_abs_lateral_error_m": 0.08837201914968959,
        "mean_abs_jerk": 0.05969089869357913
      },
      "returns": [
        346.62459412664816,
        346.79627276142264,
        347.270455418684,
        349.4901890600259,
        352.9439524111271,
        349.01381473099894,
        351.69581064398574,
        349.16640879423124,
        353.6314139276301,
        349.7045474734434,
        351.014332558507,
        356.40550880190233,
        350.8460141323864,
        223.98724501228105,
        350.5286732298852,
        349.9123376897296,
        354.0391056122175,
        348.1755319623079,
        346.7761844182403,
        345.1937671389449
      ],
      "meta": {
        "env": "fallback",
        "observation": "state",
        "episodes": 20
      }
    },
    "SAC": {
      "metrics": {
        "episodes": 20.0,
        "success_rate": 0.85,
        "collision_rate": 0.15,
        "offroad_rate": 0.0,
        "mean_return": 347.3304235835984,
        "std_return": 112.1441110680563,
        "mean_route_completion": 0.8944000000000001,
        "mean_episode_length": 142.3,
        "mean_speed_kmh": 28.26232194832619,
        "mean_abs_lateral_error_m": 0.13363900044615984,
        "mean_abs_jerk": 0.2327782214953388
      },
      "returns": [
        397.87091102054967,
        387.55699063034626,
        395.2954877607695,
        392.1582475918325,
        397.7106555818323,
        58.56037167192653,
        399.9669979021633,
        393.98386910628875,
        88.17884682569576,
        394.9710040484948,
        393.10840396553175,
        396.91606961422576,
        95.98736664630266,
        396.14953616363556,
        394.82666141661736,
        393.5211272456637,
        395.0630651590492,
        392.63751150491953,
        397.48860035380915,
        384.65674746231474
      ],
      "meta": {
        "env": "fallback",
        "observation": "state",
        "episodes": 20
      }
    }
  }
}